t,A_metal,B_metal,sigma_metal,C_metal,A_gas,B_gas,sigma_gas,C_gas
0.01,845.8432719815436,-155.97171046687862,0.018792191649578228,-20.531300905048695,517.2688511619278,-17.70564789476628,-0.014657123509020186,-16.7275355865883
0.02,848.4945193663812,-119.67605047090503,-0.018622398880481214,-12.954448622576022,581.6769893295307,-29.78428357716086,0.018657215471268883,-12.22685659470489
0.03,850.0353086267744,-99.9208266548535,-0.018775557922468437,-10.942059890722778,622.810769813137,-39.61354341358825,-0.020551575212255396,-10.271180333872824
0.04,849.127598920114,-86.88809865840153,0.01902678164907537,-10.398517150016886,649.9824488002195,-46.25411668905043,-0.021281169737522185,-9.255714179420943
0.05,846.9146379275838,-77.61193309592187,-0.019352708913941148,-10.5605475582686,668.6745498059888,-50.44044868575394,-0.021623149904885088,-8.682960658761326
0.06,844.083290474761,-70.67796307634318,0.019749598632867734,-11.14066589281717,681.9943429685003,-52.96656451251644,-0.021844167158206848,-8.467085799753114
0.07,841.0146626048339,-65.30975241258238,0.02023292940140794,-12.103020293463697,691.7405388507476,-54.39232815890224,-0.022033450396021417,-8.556041968901798
0.08,837.8875149229415,-61.031618427837415,0.020807902640318458,-13.349350052800098,699.0457662210556,-55.11089528727571,-0.022244928938394665,-8.995231736188657
0.09,834.8002714376391,-57.546064877174594,-0.021482756673188004,-14.828189055756727,704.5930850780738,-55.35679202527393,-0.02248097097900102,-9.647577191564642
0.1,831.7685805354354,-54.64192768689921,-0.0222400860881729,-16.364876983571328,708.8384709393202,-55.287382979514376,0.02273961365873174,-10.419206577968973
0.11,828.8403827437827,-52.193008046730135,0.023096930588206884,-18.000995831675105,712.1119725139101,-55.01793898831388,0.023026784898434693,-11.29442044526216
0.12,1143114.2749939167,-1142305.5304938396,1.5760946834748273,-14837.918402551306,714.6574928986809,-54.6318247770009,0.023352240142971447,-12.297099653004091
0.13,1216611.5922742437,-1215806.3662181695,1.5774452826068392,-15766.729397110179,716.6425205836651,-54.179624952692144,0.023717767847554794,-13.407164228763657
0.14,2031118.2222071728,-2030316.4557459212,1.7676307642526983,-20991.520924004948,718.1634103401506,-53.68224275029169,0.02410542601901757,-14.512036082073866
0.15,818.6727249646913,-45.299309737070786,0.02812236843974071,-25.970978885848336,719.3343594865586,-53.17461384646967,0.024529019738119346,-15.674769252654968
0.16,816.7213263574596,-43.938881069735146,0.030258405640317905,-28.60911312980229,720.2424216431873,-52.67721222720757,-0.025001589272981847,-16.943154560900552
0.17,815.3987672009778,-42.37746262774947,0.033810293108545546,-32.086345266255506,720.9264712678323,-52.19295534331624,0.025512439886844724,-18.24814405924142
0.18,3408573.695875101,-3407785.0531605324,1.9094344472136093,-30215.5685111908,721.4533182531273,-51.736077472299435,0.02608157061332436,-19.66225277345971
0.19,3777168.2380124754,-3776382.686631041,-1.9367323209351948,-32550.339818883167,721.8481468593276,-51.300946761246216,0.0267078344652553,-21.14069897941404
0.2,4298606.7401849395,-4297824.207521786,1.9786190334021676,-35498.56305005931,722.1409583842852,-50.88837030599133,0.0273968937014497,-22.682369182425298
0.21,4266236.3552528,-4265456.768976571,1.9543321939300478,-36110.177191936265,1684049.7205631335,-1683348.6782635464,1.6610505702223686,-19696.277231727785
0.22,4232399.132301049,-4231622.424299479,-1.9310715145843262,-36689.7997153649,2112252.4327763203,-2111552.082835991,1.740270288400726,-22518.603534633192
0.23,4259220.898966592,-4258447.002753691,-1.915820325353887,-37511.24978648245,722.6897427457977,-49.745161889898455,0.030004020585872638,-27.78601028062816
0.24,4320329.61593705,-4319558.468266169,-1.9052763894595226,-38471.05460646754,722.863147894645,-49.36462442359141,0.031161809349520397,-29.712695805883047
0.25,4249710.462035294,-4248941.998006268,-1.8810855297181959,-38818.96559026876,723.1071932262624,-48.9556617051254,-0.03258592168665192,-31.835439388718513
0.26,4428715.282893493,-4427949.443164969,-1.8849404142515263,-40290.20537308004,723.5536460970683,-48.44881059118205,-0.03454977501981721,-34.341327381252526
0.27,4495973.418549922,-4495210.143074002,-1.8771368592548332,-41242.40036958187,725.0067266550695,-47.444950599514385,-0.03883879813539129,-38.419635974662356
0.28,7349411.510222371,-7348650.74177214,2.106941037262055,-53553.959450855524,4257826.396420034,-4257131.480311823,1.9671465181693406,-35569.18979472487
0.29,4740027.709058075,-4739269.395571758,1.8741040807193712,-43623.0074446525,2638072.675292326,-2637378.7979562455,-1.7314184742259888,-28418.411244109495
0.3,5638116.597410558,-5637360.685226898,1.94373512207218,-48250.21976603337,4330535.919312732,-4329843.098103533,1.9459109442062317,-36969.187892259615
0.31,5539292.745208194,-5538539.183764576,-1.9222229814602336,-48468.51501077706,4242355.23465337,-4241663.489983091,1.9221233511751672,-37115.7878140142
0.32,4426772.121641854,-4426020.86103535,-1.805608676997261,-43879.48388950177,4350168.3373793075,-4349477.683044966,1.9209651748399614,-38105.50393240971
0.33,8495940.741815489,-8495191.732373994,2.112773407804231,-61571.668586240274,4236027.577999805,-4235338.022899706,-1.8956116823502382,-38101.87353487146
0.34,8712309.807248361,-8711563.004766824,2.113540724880719,-63094.64796553018,4336286.072578269,-4335597.626951319,-1.8945626086423721,-39047.42041726765
0.35,8642210.54140315,-8641465.901722293,2.097260190571854,-63560.35175437873,4233513.642076963,-4232826.310881596,-1.8716011350377866,-39060.21723489322
0.36,8489132.687261289,-8488390.168714091,2.0764222674565116,-63690.96493942865,4251441.7052832665,-4250755.492838801,-1.8624136532824473,-39612.78773556812
0.37,8547794.280914789,-8547053.838930007,2.069054311441754,-64587.93806511038,4347990.523114421,-4347305.430019214,-1.8621603843748258,-40524.02646102818
0.38,8762307.048172202,-8761568.644417882,2.071330530179795,-66064.37820642472,4453336.02682904,-4452652.055525455,-1.8629115279038502,-41473.1764918149
0.39,8587465.861765984,-8586729.456004225,2.0508061595584137,-66045.42048893005,5408131.160490187,-5407448.307690768,-1.9452916392263708,-46204.57608857909
0.4,8655913.280901022,-8655178.835535163,2.0451690622161864,-66938.85056740286,4710590.971659359,-4709909.236631506,-1.869382209406216,-43568.19167795124
0.41,8464529.406002892,-8463796.886173101,2.0244363536445,-66803.06017033095,4554031.668878918,-4553351.0482622795,-1.8442876873550462,-43270.42843433113
0.42,8844207.295814624,-8843476.663335362,2.0377953740600323,-68890.55252466886,4844860.010217372,-4844180.499509392,-1.8639848586490253,-45070.186224986915
0.43,8663646.842344023,-8662918.063352825,2.0186710518862228,-68765.60664219852,5536711.674378824,-5536033.269829515,-1.9182422403296946,-48644.33338339952
0.44,8892040.062972495,-8891313.103786921,2.0235137878346974,-70242.53934289073,4504187.457146377,-4503510.152479678,-1.8132714064108144,-44269.48903160193
0.45,8777684.490272794,-8776959.319036413,2.008940343371463,-70346.42996761075,7445940.078155944,-7445263.865586082,-2.047451200882667,-57447.44593599881
0.46,9081295.929198096,-9080572.513841769,2.0183271331296213,-72106.75479422076,5768827.453947992,-5768152.330411343,-1.9124199738664274,-50993.39194556426
0.47,9427030.787740186,-9426309.096491,2.029739797081826,-74015.49966817234,7846263.301875136,-7845589.256803303,-2.056966687466913,-59980.00815648845
0.48,9097466.908711877,-9096746.91147733,2.004515710265718,-73232.15379252927,5849834.655431501,-5849161.685378124,-1.9033912049439636,-52200.58826486529
0.49,9855372.901567621,-9854654.569946611,2.037968935075569,-76757.78486122175,8637497.349809486,-8636825.443655083,2.090293308970515,-63946.82900351242
0.5,9324949.292202402,-9324232.599657906,2.003137008511432,-75167.44569555188,8718443.039762408,-8717772.190198481,2.087221962780397,-64736.179742793334
0.51,9842735.990120996,-9842020.907005087,2.0238084014356206,-77733.85871746457,8469619.37501534,-8468949.574712047,2.0644881073320094,-64277.783980798864
0.52,10642969.11943353,-10642255.618655855,2.057297559096485,-81347.51085097047,8505503.90576854,-8504835.145097315,2.0592807577902543,-64876.55604317828
0.53,13699453.936912308,-13698741.990406893,2.1848547754275462,-92868.91976781654,8713684.123192558,-8713016.394814065,2.064561118805388,-66126.39207646697
0.54,10463133.006206507,-10462422.59257152,2.0362263923697035,-81633.06357336433,8759250.602410648,-8758583.895203605,2.060302813605523,-66746.9541472703
0.55,9371336.922545634,-9370628.016599253,1.9750953952911043,-77697.80236653575,7019854.586611153,-7019188.894532181,1.942782287724163,-60138.8269226494
0.56,12038347.060779914,-12037639.637331478,2.0970473235956058,-88568.78657837989,8738286.3121411,-8737621.624558765,2.0457359422509778,-67537.08505787917
0.57,11331975.22447854,-11331269.258374615,2.0599782090936127,-86391.72834327357,8650207.05052849,-8649543.358331997,2.0342291641631496,-67613.09878775364
0.58,10950267.205823297,-10949562.676113224,2.0370198758787703,-85369.3569777353,8668115.249667311,-8667452.543779878,2.02915044307585,-68092.14450030375
0.59,12764255.203208318,-12763552.085686333,2.1113498991955835,-92646.21023045783,8496906.514036655,-8496244.786160497,2.0131093043921164,-67812.49374576354
0.6,11296383.249340229,-11295681.523721958,2.0426935020368258,-87581.50795836434,8775034.020103732,-8774373.259465639,2.0236404053051062,-69307.78186291561
0.61,13834146.54108409,-13833446.185719037,2.143862147033691,-97397.74393421484,8698527.008645179,-8697867.20849605,2.013582967683479,-69389.98146595157
0.62,16873320.46292094,-16872621.455140445,2.247926281874981,-108074.89853437267,9990965.047325492,-9990306.194782712,2.0790617453640254,-74772.9456832383
0.63,13331809.360161476,-13331111.681890422,2.114408880824942,-96488.57564292554,8680945.23845899,-8680287.328383943,2.0018705515139685,-70060.93567187797
0.64,10089459.43818331,-10088763.070512498,1.9675790944915865,-84294.88013184958,8485831.933460781,-8485174.954630429,1.985428706816169,-69622.27470581277
0.65,16419140.32947496,-16418445.249747328,2.217991128336673,-108018.68128109559,9203929.473406522,-9203273.416952014,2.0211900020545737,-72873.53150242445
0.66,16942474.50221327,-16941780.69294481,2.2308722110902557,-110181.51588267372,8951745.951886265,-8951090.808140013,2.0023319183889687,-72214.66676845508
0.67,16842049.84157995,-16841357.282498002,2.2231225376218653,-110292.13801613804,8696765.970804842,-8696111.731493529,1.9832124830477644,-71513.34844531977
0.68,12922621.994996065,-12921930.672452472,2.0763999273165856,-96975.95645271658,8660394.542339336,-8659741.199674614,1.9765676396332792,-71692.8902648422
0.69,15702208.624502482,-15701518.516292093,2.1760912491438793,-107310.9846656693,10686080.847087791,-10685428.38984728,2.0787394181972476,-80003.19698200241
0.7,16983173.11417972,-16982484.20616964,2.215143495104721,-112018.57840583196,9899034.331492886,-9898382.752217665,2.03486124067827,-77332.77394277109
0.71,17026332.154292542,-17025644.426997095,2.212621107834187,-112559.34810702797,9288125.3269048,-9287474.617361145,1.9984101699347387,-75224.04214970695
0.72,17167656.16703268,-17166969.60661797,2.2133466502017782,-113419.8717656999,10696417.863825653,-10695768.01411906,2.0660472893046142,-81066.13472820767
0.73,12007076.502391476,-12006391.093580242,2.020412095303343,-95157.03267987592,10347252.498659935,-10346603.499590224,2.0448513792987417,-80049.93042748132
0.74,16892278.770558815,-16891594.492826432,2.197107123254898,-113253.59409582379,8882186.600524662,-8881538.44528682,1.964294519292943,-74450.5404012785
0.75,17127048.026320152,-17126364.865994938,2.2012197589145592,-114400.36562999761,10232513.226355089,-10231865.905767376,2.031270719224421,-80222.21845144288
0.76,17151812.67142843,-17151130.61451309,2.198613607736035,-114837.40670389544,10429600.098163443,-10428953.603865145,2.0372051323325047,-81293.4284559394
0.77,13400202.165570552,-13399521.199174488,2.063738812705187,-101798.75243406295,9101568.5190694,-9100922.845122362,1.965304164374595,-76212.57271053635
0.78,11084667.570019372,-11083987.677601865,1.9651331477807554,-92846.72118519958,8881801.712389054,-8881156.849338941,1.9498528225132448,-75552.5600787165
0.79,17024074.478124756,-17023395.643230256,2.1849156374038152,-115413.96645400386,9559122.218896497,-9558478.15667928,1.9826693292070103,-78652.88297701908
0.8,9911816.217659065,-9911138.43121523,-1.9055216173754055,-88283.52186149484,13086857.470275925,-13086214.199258175,2.1413389162250542,-92351.47093241349
0.81,17037006.4199566,-17036329.659828246,2.1794453716699738,-116081.7955888845,13977754.84667947,-13977112.361967076,2.1733781118736544,-95758.9700576422
0.82,16921915.137552515,-16921239.3970179,2.1729128804671674,-115990.78900198631,11101681.099628445,-11101039.395257885,2.0482821391095425,-85603.69436885136
0.83,16968541.363478843,-16967866.626456812,2.1716929996734957,-116441.26640630284,11771309.85983054,-11770668.925706932,2.075320160426181,-88424.04121363537
0.84,16936826.841432877,-16936153.099353947,2.1679871141835916,-116620.8677161632,8938719.944092395,-8938079.774978118,1.9341388911674529,-77276.03567068142
0.85,14798897.143643502,-14798224.38261787,2.093468277981636,-109265.73312228889,9418461.333996555,-9417821.920976331,1.9567294188207054,-79560.18549398726
0.86,17074190.00602914,-17073518.21220654,2.1672765766587605,-117644.56847789664,10372694.15606971,-10372055.489414992,2.001733386522039,-83736.68208880772
0.87,9733143.235457554,-9732472.400608556,-1.8806284483605773,-88998.57879750601,10048068.90116862,-10047430.975449575,1.9830752899149902,-82645.62596660951
0.88,17025934.472794715,-17025264.579154287,-2.1609437264296236,-118000.03616243305,9118082.552005338,-9117445.36237753,1.9327523625508214,-78941.10987868939
0.89,15883924.755158637,-15883255.793901091,-2.1214583252886263,-114211.90263857403,10741596.814492857,-10740960.349440683,2.0110517764602522,-85916.4966974574
0.9,13320936.656835191,-13320268.616534375,-2.027936856762992,-104798.0266406631,11678644.492786212,-11678008.7471895,2.0509441187368345,-89822.95989775762
0.91,15701070.765156811,-15700403.63300589,-2.1110525781538145,-114011.1081767882,10145862.609486498,-10145227.577259526,1.9774341099441226,-83927.06147987707
0.92,10885290.695188252,-10884624.46467634,-1.9241443976203116,-95097.90967168906,12267048.41541567,-12266414.086831696,2.0711724221914585,-92520.16600768779
0.93,15475722.536718,-15475057.19176247,-2.099407815181096,-113622.77095176831,10345204.954486823,-10344571.327764353,1.9822421275295674,-85163.3900700595
0.94,16548478.265554274,-16547813.798055975,-2.132982423239259,-117713.40329954878,8525609.12940804,-8524976.19564821,1.8862818970058863,-77484.13992436363
0.95,13874007.026030814,-13873343.426197426,-2.0390839106596372,-107964.45309695983,10904116.748829883,-10903484.49991827,2.00388578775029,-87842.0146584424
0.96,11054328.500219313,-11053665.760278076,-1.9246361848346314,-96527.39010066247,12369055.021578554,-12368423.450457336,2.0658568147147616,-93770.57755413082
0.97,17110224.411672983,-17109562.5141672,-2.14536001872247,-120313.52918571114,14964298.63623033,-14963667.734490305,2.1644481043779527,-103369.9358193465
0.98,16917113.131451063,-16916452.07342146,-2.137519406099149,-119828.36667118003,11665065.672752596,-11664435.441220587,2.031403426903905,-91451.4517563438
0.99,16983307.41832485,-16982647.188465334,-2.1379303358528854,-120251.57251737949,9609101.593676876,-9608472.02323005,-1.9331306092709648,-83164.29067578833
1.0,17249555.650947124,-17248896.237556104,-2.1446660199056033,-121373.00334889247,8662469.038339326,-8661840.123586899,-1.8816567309632464,-79116.7076190931
1.01,16925975.89170454,-16925317.288504407,-2.1329409306311082,-120406.6259026093,8677727.945101222,-8677099.677667106,-1.8806517121612474,-79340.93683597427
1.02,14955456.17852251,-14954798.37610125,-2.066380970592319,-113336.47442083519,10343774.508255256,-10343146.88110088,-1.9633573783538265,-86796.47429359425
1.03,14786297.552453611,-14785640.542136403,-2.059072857836563,-112849.87346918116,8900568.126506587,-8899941.137359371,-1.8890672490128833,-80657.97253747593
1.04,16790243.82654671,-16789587.597333048,2.1242403835831087,-120420.63328802458,9910405.659898255,-9909779.300004475,-1.9388562270693872,-85269.65527510151
1.05,16848467.496706184,-16847812.040582195,2.1247182087015255,-120784.46871823055,9700840.229658356,-9700214.494885132,-1.92679859774659,-84511.75130950137
1.06,16999593.661214713,-16998938.970305342,2.128145043527648,-121477.08020497365,8624462.321320042,-8623837.205745919,-1.8692649579822853,-79816.49424871829
1.07,17035252.658268362,-17034598.725880917,2.1279580799383124,-121753.70266311681,9385363.197873542,-9384738.695394734,-1.9076738382962615,-83406.81113746353
1.08,17924133.732281916,-17923480.548867717,2.1539678049185786,-125038.8293579665,9284999.847673276,-9284375.954249809,-1.900980080878015,-83095.6488409414
1.09,17168591.55395503,-17167939.11354737,2.1296448411023152,-122513.77194842466,8556331.406152287,-8555708.116163297,-1.8609772193844487,-79891.78053152666
1.1,17095826.78857234,-17095175.082649726,2.126206961746364,-122388.91968359271,11328799.586664572,-11328176.88971925,-1.9949962005354431,-92082.14344092594
1.11,18300884.101080585,-18300233.118360426,2.1616624792753476,-126763.17229019498,8931004.547429226,-8930382.444951117,-1.8782114178164249,-81872.32630210226
1.12,17208068.26483145,-17207418.0017186,2.1274989508267943,-123044.15440236087,8995519.483213676,-8994897.967673747,-1.8802206123284801,-82288.53331311521
1.13,17376061.322561726,-17375411.7708796,2.131624603713086,-123766.43863725323,13545659.41549373,-13545038.47715657,-2.0817371664040025,-101140.55599996484
1.14,16909063.781202823,-16908414.934028313,2.116122028981153,-122207.65792623947,8897741.80871011,-8897121.451217128,-1.872449470443191,-82069.78684519797
1.15,16871443.82028505,-16870795.67025574,2.1139678494360887,-122184.29970467433,9223218.050790193,-9222598.26441537,-1.8881053277826603,-83671.56776631068
1.16,16917259.59719459,-16916612.13528106,2.114487737022878,-122456.4679495168,9460407.418936975,-9459788.198732438,-1.8989095467492698,-84852.77567286608
1.17,14498755.68529144,-14498108.910050642,2.0334695437318135,-113458.94448210049,9181728.325604925,-9181109.667643115,-1.8835379351025694,-83699.17585870362
1.18,17388223.013858046,-17387576.912038084,2.127284401162507,-124360.15153493268,8973046.55914039,-8972428.458920652,-1.8715559827634738,-82844.72242327
1.19,16938121.974724006,-16937476.542229477,2.112532994047633,-122835.36095364836,8912040.192960812,-8911422.644567726,-1.867242566173162,-82661.27298379003
1.2,17043443.295633018,-17042798.52677853,2.115006198221696,-123311.37088784893,9605825.791696863,-9605208.789901415,-1.9015308886060345,-85921.94139980612
1.21,17020188.74628684,-17019544.633602493,2.1135203023317026,-123316.40411140758,9103278.876467593,-9102662.419031324,-1.8750331593273053,-83737.78044461916
1.22,16925215.893782586,-16924572.43167019,2.109822672432566,-123057.99147700408,8855191.483938932,-8854575.565297952,-1.8610735190096772,-82678.86394159267
1.23,16994747.370562036,-16994104.554030553,2.111267261744195,-123395.34016781856,9329552.602716632,-9328937.217681747,-1.884552198750985,-84957.78845010076
1.24,17064455.87947276,-17063813.69927719,2.1127747017425778,-123725.60227100048,10676794.340648456,-10676179.483382165,-1.9483085715560446,-90984.989959893
1.25,17022932.454910308,-17022290.906837195,2.1108395056123173,-123650.90164898294,8525192.948172629,-8524578.619849099,-1.8405720270113985,-81376.3599665084
1.26,16862352.991890572,-16861712.071516704,2.1052040953281823,-123140.09125592884,8547966.712996002,-8547352.90585492,-1.8409025825500052,-81564.91424427896
1.27,17280071.28441115,-17279430.983472705,2.1175605326241413,-124725.88442564878,8598551.813216437,-8597938.523589635,-1.8427453770034152,-81884.47221778045
1.28,17065989.153147902,-17065349.46619307,2.1104088142766044,-124015.52747571553,9059450.902540486,-9058838.124280225,-1.8661606821074335,-84129.1521662593
1.29,15390071.942954462,-15389432.867215395,-2.0559527766817025,-117826.12450187342,8838164.274315331,-8837552.005622318,-1.8538044113908545,-83168.95591542768
1.3,12119846.063250259,-12119207.594303919,-1.936089247200434,-104603.04794276146,10463199.099578764,-10462587.333280204,-1.9330383874128807,-90577.32809731876
1.31,15140128.06143786,-15139490.18797436,-2.046579577887007,-116975.11718821392,8744029.011665042,-8743417.74859402,-1.8472711760219753,-82865.12093195182
1.32,9026444.324746475,-9025807.052187493,-1.797498295277053,-90343.30454515056,8867705.176455507,-8867094.410004407,-1.8530359426897427,-83517.08456724396
1.33,16821233.359303284,-16820596.66660632,-2.100363410037989,-123408.61023492078,8738812.65154748,-8738202.378488244,-1.8455288047007938,-82972.39708314874
1.34,17043341.37448634,-17042705.263015263,-2.1068821009613776,-124267.74494060341,9282105.384454485,-9281495.600472856,-1.872913083401096,-85580.51778944964
1.35,15170254.975070028,-15169619.442338064,-2.045975311929895,-117278.79346540678,8498983.934802618,-8498374.63803276,-1.8313349390671991,-81947.81551140253
1.36,16924703.564032733,-16924068.602915376,-2.1024617460913557,-123921.92131669227,8665365.47689423,-8664756.661682893,-1.8396045861207309,-82805.2731480226
1.37,16779747.45331494,-16779113.06023762,-2.0976029921520256,-123429.57101353852,9348786.946472509,-9348178.608852474,-1.874284812347222,-86070.68876378068
1.38,16366203.212359965,-16365569.38317511,-2.0842205482193035,-121935.47992934461,8920058.318257686,-8919450.456075879,-1.8517617844487164,-84127.68719111288
1.39,13550099.221937329,-13549465.953003395,-1.9876851809950211,-110973.87151936558,8568286.225904038,-8567678.8355837,-1.8326085251795003,-82503.0866138918
1.4,10735447.328344079,-10734814.616335757,-1.8748311692264223,-98795.44399323595,8437113.760182451,-8436506.838019332,-1.8249799042084731,-81918.88214483547
1.41,15470729.771746432,-15470097.60367606,-2.05428035688804,-118641.6107424252,8698986.161961172,-8698379.704009859,-1.8384672791178693,-83230.95735547607
1.42,12992544.148666415,-12991912.527769256,-1.9661837904044481,-108742.94739055894,8419923.793648364,-8419317.79726689,-1.8229936678571501,-81930.39711095054
1.43,12909861.425687514,-12909230.344819617,-1.9628545823004988,-108417.28601768226,8549783.456582028,-8549177.917996217,-1.8294976374763894,-82605.73309833766
1.44,10612466.07197886,-10611835.530055396,-1.8686623512214204,-98309.55191388102,8417593.357513303,-8416988.27369402,-1.8218929155259427,-82007.1468062845
1.45,11128455.863472631,-11127825.852424407,-1.890872865110638,-100688.9283892519,8622681.216855614,-8622076.583415665,-1.8324617750234584,-83042.31260677411
1.46,14235771.17526177,-14235141.687543299,-2.0110453464257203,-113906.31225309352,8504779.997495942,-8504175.813211188,-1.8257036778669724,-82512.82214503438
1.47,14164563.954496378,-14163934.990318505,-2.0083998806933745,-113635.05320408316,8498094.836807214,-8497491.096377835,-1.8249371274357742,-82517.39133105984
1.48,14639867.70750487,-14639239.26202403,-2.0249686694166305,-115539.0305938637,8687249.43628095,-8686646.13771064,-1.8346238893549414,-83468.76301635486
1.49,12131801.985165171,-12131174.057456741,-1.9317873490476816,-105180.51657028506,8743878.157116849,-8743275.297792826,-1.8372220971999702,-83776.49207332701
1.5,11341656.039513545,-11341028.62389791,-1.8994089269318526,-101702.41268734219,8519221.868891083,-8518619.445227206,-1.8249208481501038,-82725.09276959283
1.51,11714343.554430548,-11713716.645796241,-1.914808051569089,-103366.48662162876,8413859.750842612,-8413257.760516979,-1.8188896774263787,-82243.38006220228
1.52,8561059.627848027,-8560433.228487257,-1.770090028072997,-88360.00753599028,8495090.577062601,-8494489.01688296,-1.822939891953482,-82670.31220093534
1.53,12356705.359006507,-12356079.453098401,-1.9405389316791246,-106170.5488652865,8405622.277110994,-8405021.144044414,-1.817799752630424,-82261.82853386119
1.54,11310890.660085313,-11310265.25131663,-1.898028436954774,-101575.51840128202,8558153.377048576,-8557552.667960947,-1.8257110706691733,-83032.86589912196
1.55,10463694.013849292,-10463069.099193726,-1.861379710060682,-97694.14721884523,8399250.474675976,-8398650.187291762,-1.8168785470871953,-82283.30313484641
1.56,10451247.093363518,-10450622.667665904,-1.8608547968917273,-97633.28576245395,8510235.13341051,-8509635.26478798,-1.8225976025228021,-82850.13354623133
1.57,9007450.062422657,-9006826.124815924,-1.7928553634554567,-90630.61463796576,8458149.051774014,-8457549.599107133,-1.819549196666159,-82618.70414380584
1.58,8741150.288521456,-8740526.833428431,-1.7794803478390706,-89274.67816303691,8434657.178074995,-8434058.139262363,-1.8180439306847722,-82525.65525799998
1.59,9441554.377003303,-9440931.398534456,-1.8142591922399829,-92777.58112402851,7972082.851621088,-7971484.224353953,-1.792315801057098,-80248.39008890779
1.6,9226812.239526331,-9226189.737019854,-1.8039103919602504,-91708.06089976121,8392262.514331458,-8391664.294512771,-1.8153293021598111,-82356.56816275523
1.61,10384133.321528768,-10383511.289166009,-1.858213912683341,-97283.68993356805,7630468.233264083,-7629870.420865187,-1.7723671629666344,-78543.4880354845
1.62,8596706.84722768,-8596085.28675554,-1.7724189234761927,-88500.06505827652,6357017.598430597,-6356420.192756358,-1.6929219734384362,-71699.00149359705
1.63,8602061.35560072,-8601440.260450417,-1.7728164688205914,-88516.03657490571,4484363.68085366,-4483766.683613695,-1.5509561332941197,-60220.09777643302
1.64,9092910.626844913,-9092289.993160743,-1.7977734843979596,-90995.1768018902,7663351.624485934,-7662755.013325252,-1.7738142514540343,-78754.7836036384
1.65,8501844.042861473,-8501223.869652843,-1.7678909667863447,-87972.33484108251,6800570.379110719,-6799974.166509784,-1.7213703558471325,-74197.0929241176
1.66,8432714.949911391,-8432095.233090881,-1.7644319812917575,-87598.86781031614,5179368.445713482,-5178772.632060038,-1.6076709541257501,-64752.60082027162
1.67,8521839.484114468,-8521220.220057065,-1.7692554622391115,-88044.56192783042,4375725.056961282,-4375129.638449251,-1.5410192901311792,-59519.569092841804
1.68,8414748.396759888,-8414129.58360576,-1.7638310410560634,-87472.49108567357,6125516.420126661,-6124921.382556878,-1.6765553625778744,-70440.61468266771
1.69,8407012.825410672,-8406394.459653813,-1.7636125307411565,-87414.10419280363,4409893.946275512,-4409299.302785257,-1.5438807736475975,-59763.83657443809
1.7,5252098.771504987,-5251480.861186204,-1.567595892596279,-69065.41415771522,4268988.268307841,-4268394.009950373,-1.5312986189058617,-58805.097117008474
1.71,8459483.725599166,-8458866.245274859,-1.7667792553020534,-87646.47444833771,4909228.080136542,-4908634.200230535,-1.5858688224154394,-63069.29712713824
1.72,8401834.494337313,-8401217.453178797,-1.7639735470287723,-87325.91090559692,4597812.881547965,-4597219.383181135,-1.5599795177601965,-61037.49859833533
1.73,7314172.100641636,-7313555.498329127,-1.7039597287213268,-81453.11656546705,3513821.1943128114,-3513228.0806668815,-1.4582063570035368,-53353.83685019488
1.74,6010267.001229537,-6009650.837364219,-1.6223378908110928,-73812.35664301556,4217847.97994175,-4217255.236636627,-1.5265528978143665,-58462.24038026824
1.75,7548195.411150158,-7547579.672484124,-1.717943519880548,-82701.5968854796,4211960.628635576,-4211368.259042435,-1.5260103147971533,-58422.318463226395
1.76,5355377.216000682,-5354761.914132433,-1.576536550509462,-69632.68203708282,4234913.456992996,-4234321.458271082,-1.528097958778425,-58581.33287468341
1.77,5281694.329646072,-5281079.453756417,-1.571310026286303,-69130.91577107616,4074425.5843383856,-4073833.956189348,-1.5133710595512595,-57459.05202669063
1.78,4403696.341503258,-4403081.894052536,-1.5015056952966441,-63100.18278205496,2191573.0181453303,-2190981.77730136,-1.2952467093046145,-42124.08920785976
1.79,4327895.94719677,-4327281.920848569,-1.4952260197572615,-62534.243619096414,2619598.5268080975,-2619007.644974653,-1.3546230634958167,-46058.373507823046
1.8,4695847.404283582,-4695233.793672191,-1.5264049596956588,-65118.795770570316,2491387.527621788,-2490797.0110981744,-1.3376953248601673,-44913.740571494985
1.81,4341425.004810833,-4340811.811831358,-1.496916175575907,-62589.59661165759,2203176.0915397247,-2202585.94088326,-1.2970668632861933,-42230.083566235706
1.82,4497116.504867811,-4496503.724471946,-1.5104748465783209,-63680.65338400249,2123253.0442032455,-2122663.2543949024,-1.2851327412938145,-41453.12107282904
1.83,4253000.149915848,-4252387.782105754,-1.489750420537138,-61904.38615464427,1720366.4999386035,-1719777.0766580873,-1.2190025448455208,-37304.79687787513
1.84,3534746.8085219543,-3534134.8555215374,-1.4224515888447564,-56410.574872965655,1144189.8575527915,-1143600.8101569994,-1.1002125494540649,-30409.292442537833
1.85,3803124.2017737855,-3802512.6528262645,-1.4490978652489188,-58492.38218858477,840462.6538492434,-839873.9786988379,-1.018025324229393,-26051.062351103545
1.86,2450174.104435918,-2449562.9760597656,-1.2979210810459805,-46921.71424438022,455865.6757071144,-455277.39867664274,-0.8724310995057776,-19166.350946026792
1.87,2360212.9210905684,-2359602.1964013386,-1.2860446808958503,-46033.14689459395,165444.46765502615,-164856.6571959386,-0.6745725337724833,-11513.974036488484
1.88,2106938.719333239,-2106328.399491073,-1.2501466095161697,-43472.935967589976,70536.78771643147,-69949.48497234427,-0.5420272913011621,-7483.328342101221
1.89,1113069.333622761,-1112459.4462329687,-1.0649982567316503,-31571.345072504293,37069.193094626724,-36482.41672058077,-0.45833699186627447,-5391.020322427472
1.9,1055762.7173283808,-1055153.2290246563,-1.0511447839158443,-30733.69439095953,23616.763456576446,-23030.503435465245,-0.4066302573988567,-4273.378891393907
1.91,404695.5203520938,-404086.5070357226,-0.8253363947290502,-18998.85256722688,16291.68894618982,-15705.95208139371,-0.3677163716857883,-3520.5248745817094
1.92,136354.52298101477,-135746.058621838,-0.6259343369618527,-10993.421319335854,12129.098424445243,-11543.879324360089,-0.3388619338325129,-3011.233813232125
1.93,62479.93921056235,-61872.04812791669,-0.512004581821222,-7408.254693171522,9457.373615867808,-8872.671891687813,-0.31578092010461,-2633.870782110379
1.94,35624.34846687007,-35017.03498412884,-0.4420452013991553,-5562.827788886597,7660.428511988513,-7076.2415909589445,-0.2970231574218959,-2346.8616907617707
1.95,23208.640650376452,-22601.904652574132,-0.3943890443171666,-4460.8806262497465,6375.413448323188,-5791.740924937244,-0.2811970276839021,-2118.437532467149
1.96,16492.688029238147,-15886.527862990164,-0.3594586160989894,-3733.0475212261813,5428.920547227723,-4845.76107305743,-0.2676900257559764,-1933.4359068106694
1.97,12466.920502858946,-11861.33308883242,-0.33262503428980583,-3219.809627371414,4710.681026026358,-4128.0330070999125,-0.25599191899478924,-1780.6161028316105
1.98,9834.706282056275,-9229.690553612834,-0.3109954802449455,-2835.167425022489,4151.876449470074,-3569.738341850875,-0.24573307276635759,-1652.2623627409598
1.99,8023.913972522994,-7419.467758472736,-0.2931583708007708,-2537.482212138409,3707.806129260328,-3126.1765460600172,0.2366390008122496,-1542.9130941194917
2.0,6722.09196641135,-6118.213448982631,-0.27811989023480943,-2300.2238611676407,3348.91865210699,-2767.79601378173,0.22851314279204696,-1448.7317118944654
